BD,ID,SMILES
QUIPRONAB,LPNV00002_Rutaceae,o1c2c(c3[nH]c4c(c3cc2)cccc4)cc1
QUIPRONAB,LPNV00680_N/A,c12c3c(ccc1cccc2)cccc3
QUIPRONAB,LPNV00687_N/A,c12c(cc3c(c1)cccc3)cccc2
QUIPRONAB,LPNV00034_Rutaceae,c1(C2OCC3C(c4cc5OCOc5cc4)OCC23)cc2OCOc2cc1
QUIPRONAB,LPNV00700_Piperaceae,[C@H]1(c2cc3OCOc3cc2)OC[C@H]2[C@@H](c3cc4OCOc4cc3)OC[C@@H]12
QUIPRONAB,LPNV00683_N/A,[C@H]1(c2cc3OCOc3cc2)OC[C@@H]2[C@@H](c3cc4OCOc4cc3)OC[C@H]12
QUIPRONAB,LPNV00179_Rutaceae,[C@@H]1(c2cc3OCOc3cc2)OCC2[C@@H](c3cc4OCOc4cc3)OCC12
QUIPRONAB,LPNV00692_N/A,S(=O)(=O)(O)CN(C)C=1C(=O)N(N(C)C=1C)c1ccccc1
QUIPRONAB,LPNV00329_Piperaceae,Oc1ccc(CC/C=C/CCCCCC)cc1
QUIPRONAB,LPNV00199_Lauraceae,Oc1ccc(-c2c(C)c3c(o2)ccc(/C=C/C)c3)cc1
QUIPRONAB,LPNV00344_Piperaceae,Oc1c(O)ccc(O)c1
QUIPRONAB,LPNV00334_Piperaceae,Oc1c(O)ccc(CC/C=C/CCCCCC)c1
QUIPRONAB,LPNV00702_Piperaceae,Oc1c(O)ccc(C(CCCC(CCCC(C)C)C)(CC)C)c1
QUIPRONAB,LPNV00699_Piperaceae,Oc1c(O)ccc(C(C=C)(CC/C=C(/CC/C=C(\C)/C)\C)C)c1
QUIPRONAB,LPNV00318_Piperaceae,Oc1c(CCCc2cc3OCOc3cc2)ccc(O)c1
QUIPRONAB,LPNV00715_N/A,Oc1c(CCC)cccc1
QUIPRONAB,LPNV00607_N/A,Oc1c(C)ccc(C(C)C)c1
QUIPRONAB,LPNV00714_N/A,Oc1c(C(C)C)ccc(C)c1
QUIPRONAB,LPNV00501_Myristicaceae,O[C@]1(C)[C@H]2C(C)(CCC(C(=C)C)C2)CCC1
QUIPRONAB,LPNV00272_Lauraceae,O[C@]1(C)C2[C@@H]3C(C)(C)[C@@H]3CCC(=C)C2CC1
QUIPRONAB,LPNV00206_Lauraceae,O[C@@]12OCC(C)=C1CC1C(=C)CC=C[C@]1(O)C2
QUIPRONAB,LPNV00429_Magnoliaceae,O[C@@]1(C)[C@@H]2[C@H]([C@H](C(C)C)CC1)C=C(C)CC2
QUIPRONAB,LPNV00624_N/A,O[C@@]1(C(C)C)CC=C(C)CC1
QUIPRONAB,LPNV00186_Lauraceae,O[C@@H]1[C@@H]2[C@H](C(C)CCCC3C(C)(C)C23)CC1
QUIPRONAB,LPNV00518_Myristicaceae,O[C@@H]1[C@@H](c2cc(O)c(O)cc2)Oc2c(ccc(O)c2)C1
QUIPRONAB,LPNV00533_Lauraceae,O[C@@H]1CC=2[C@@](C)([C@@H]3[C@H]([C@H]4[C@@](C)([C@@H]([C@@H](CC[C@H](C(C)C)CC)C)CC4)CC3)CC=2)CC1
QUIPRONAB,LPNV00531_Lauraceae,O[C@@H]1CC=2[C@@](C)([C@@H]3[C@H]([C@H]4[C@@](C)([C@@H]([C@@H](CC[C@H](C(C)C)C)C)CC4)CC3)CC=2)CC1
QUIPRONAB,LPNV00532_Lauraceae,O[C@@H]1CC=2[C@@](C)([C@@H]3[C@H]([C@H]4[C@@](C)([C@@H]([C@@H](/C=C/[C@H](C(C)C)CC)C)CC4)CC3)CC=2)CC1
QUIPRONAB,LPNV00570_Lauraceae,O[C@@H]1CC=2[C@@](C)([C@@H]3[C@H]([C@H]4[C@@](C)(C([C@@H](CC[C@@H](C(C)C)C)C)CC4)CC3)CC=2)CC1
QUIPRONAB,LPNV00466_Myristicaceae,O[C@@H]1CC=2[C@@](C)([C@@H]3[C@H]([C@H]4[C@@](C)(C([C@@H](CCCC(C)C)C)CC4)CC3)CC=2)CC1
QUIPRONAB,LPNV00038_Rutaceae,O[C@@H]1C(C)(C)[C@H]2[C@@](C)([C@@H]3[C@](C)([C@@]4(C)[C@@H]([C@H]5[C@H](C(=C)C)CC[C@]5(C)CC4)CC3)CC2)CC1
QUIPRONAB,LPNV00677_N/A,O[C@@H](c1c2c(ncc1)cccc2)[C@]1(C)N2CCC(C=C)(C1)CC2
QUIPRONAB,LPNV00400_Solanaceae,OCCc1ccc(O)cc1
QUIPRONAB,LPNV00541_Lauraceae,OCCCCCCCCCCCCCCCCCCCCCCCCCCCCCC
QUIPRONAB,LPNV00353_Leguminosae,OCCCCCCCCCCCCCCCC
QUIPRONAB,LPNV00275_Lauraceae,OCCC(CCC=C(C)C)C
QUIPRONAB,LPNV00170_Rutaceae,OCC12C(C(C(=C)C)CC1)C1C(C3(C)C(C4(C)C(C(C)(C)C(O)CC4)=CC3)CC1)C(C)C2
QUIPRONAB,LPNV00109_Rutaceae,OCC12C(C(C(=C)C)CC1)C1C(C)(C3(C)C(C4(C)C(C(C)(C)[C@H](O)CC4)CC3)CC1)CC2
QUIPRONAB,LPNV00088_Rutaceae,OC1[C@@H](Cc2cc3OCOc3cc2)[C@H](Cc2cc3OCOc3cc2)CO1
QUIPRONAB,LPNV00409_Cannaceae,OC1CC=2[C@@](C)([C@@H]3C([C@H]4[C@@](C)([C@@H]([C@H](CC[C@H](C(C)C)CC)C)CC4)CC3)CC=2)CC1
QUIPRONAB,LPNV00364_Solanaceae,OC1CC=2[C@@](C)(C3C(C4[C@@](C)(C5C(C)C6N(C5C4)CC(C)C4C6OC(C)C4)CC3)CC=2)CC1
QUIPRONAB,LPNV00012_Rutaceae,OC1CC=2C(C)(C3C(C4C(C)(C(C(CCC(C(C)C)CC)C)CC4)CC3)CC=2)CC1
QUIPRONAB,LPNV00035_Rutaceae,OC1CC=2C(C)(C3C(C4C(C)(C(C(CCC(C(C)C)C)C)CC4)CC3)CC=2)CC1
QUIPRONAB,LPNV00011_Rutaceae,OC1CC=2C(C)(C3C(C4C(C)(C(C(/C=C/C(C(C)C)CC)C)CC4)CC3)CC=2)CC1
QUIPRONAB,LPNV00205_Lauraceae,OC1C(C)=C2[C@@](C3[C@@]4(C)C=CCC(=C)C4CC4=C(C)C(O)OC34)(O1)C[C@@]1(C)C=CCC(=C)C1C2
QUIPRONAB,LPNV00169_Rutaceae,OC1C(C)(C)C=2C(C)(C3C(C)(C4(C)C(C5C(C)(CC4)CCC5C(=C)C)CC3)CC=2)CC1
QUIPRONAB,LPNV00535_Lauraceae,OC1C(C(C)C)CCC2(C)C(O)CCC(=C)C12
QUIPRONAB,LPNV00473_Myristicaceae,OC1(c2cc3OCOc3cc2)C(C)C(C)Cc2c1c1OCOc1cc2
QUIPRONAB,LPNV00498_Myristicaceae,OC1(C)C2C(C(C(C)C)CC1)C=C(C)CC2
QUIPRONAB,LPNV00229_Lauraceae,OC/C=C/c1cc2OCOc2cc1
QUIPRONAB,LPNV00694_N/A,OC/C=C(\CC/C=C(\C)/C)/C
QUIPRONAB,LPNV00277_Lauraceae,OC/C=C(/CCC=C(C)C)\C
QUIPRONAB,LPNV00603_N/A,OC/C=C(/CC/C=C(/CC/C=C(\C)/C)\C)\C
QUIPRONAB,LPNV00602_N/A,OC/C=C(/CC/C(=C(/C)\C)/C)\C
QUIPRONAB,LPNV00208_Lauraceae,OC(CO)CC(O)CCCCCCCCCCCCCCC
QUIPRONAB,LPNV00209_Lauraceae,OC(CO)CC(O)CCCCCCCCCCCC=C
QUIPRONAB,LPNV00210_Lauraceae,OC(CO)CC(O)CCCCCCCCCCCC#C
QUIPRONAB,LPNV00265_Lauraceae,OC(CO)(C)C1CC2C(=C)CCCC2(C)CC1
QUIPRONAB,LPNV00623_N/A,OC(C=C)(CC/C=C(\C)/C)C
QUIPRONAB,LPNV00064_Rutaceae,OC(C=C)(CC/C=C(/CCC=C(C)C)\C)C
QUIPRONAB,LPNV00065_Rutaceae,OC(C=C)(CC/C=C(/CCC1C(C)(C)O1)\C)C
QUIPRONAB,LPNV00639_N/A,OC(C=C)(CC/C=C(/CC/C=C(\C)/C)\C)C
QUIPRONAB,LPNV00616_N/A,OC(C)(C)C1CC=C(C)CC1
QUIPRONAB,LPNV00200_Lauraceae,OC(C(O)c1cc2c(C)c(-c3ccc(O)cc3)oc2cc1)C
QUIPRONAB,LPNV00399_lobariaceae,OC(C(O)CO)C(O)CO
QUIPRONAB,LPNV00475_Myristicaceae,OC(C(C(Cc1cc2OCOc2cc1)C)C)c1cc2OCOc2cc1
QUIPRONAB,LPNV00563_Lauraceae,OC(=C)CCCCCCC/C=C\C/C=C\CCCCC
QUIPRONAB,LPNV00306_Piperaceae,O=[N+]([O-])c1cc(/C=C/C(=O)c2ccc(N)cc2)ccc1
QUIPRONAB,LPNV00128_Rutaceae,O=Cc1ccc(O)cc1
QUIPRONAB,LPNV00712_N/A,O=Cc1cc(OC)c2OCOc2c1
QUIPRONAB,LPNV00497_Myristicaceae,O=Cc1cc(OC)c(OC(C(O)c2cc(OC)c(O)cc2)C)cc1
QUIPRONAB,LPNV00706_N/A,O=Cc1cc(OC)c(O)cc1
QUIPRONAB,LPNV00014_Rutaceae,O=Cc1cc(OC)c(O)c(OC)c1
QUIPRONAB,LPNV00508_Myristicaceae,O=Cc1cc(O)c(O)cc1
QUIPRONAB,LPNV00126_Rutaceae,O=Cc1c(OC)cc(OC)cc1O
QUIPRONAB,LPNV00394_Stereocaulaceae,O=Cc1c(OC)cc(C)c(C)c1
QUIPRONAB,LPNV00143_Rutaceae,O=CNc1c(-c2c(O)c(OC)c(O)c(OC)c2)ccc2c1cc1OCOc1c2
QUIPRONAB,LPNV00600_Fabaceae,O=CN1CC2C=3N(C(=O)C=CC=3)CC(C1)C2
QUIPRONAB,LPNV00433_Magnoliaceae,O=CN1C2c3c(c4OCOc4cc3CC1)-c1c(cc(OC)c(OC)c1)C2
QUIPRONAB,LPNV00705_N/A,O=CCCCCCCCCC
QUIPRONAB,LPNV00606_N/A,O=CCCCCCCCC
QUIPRONAB,LPNV00610_N/A,O=CCC(CC/C=C(\C)/C)C
QUIPRONAB,LPNV00045_Rutaceae,O=C1c2c3c(oc2N(C)c2c1cccc2)cccc3
QUIPRONAB,LPNV00440_Anonnaceae,O=C1c2c(OC(c3cc4OCOc4cc3)=C1)cc(O)cc2
QUIPRONAB,LPNV00177_Rutaceae,O=C1c2c(O)cccc2OC(C)C1
QUIPRONAB,LPNV00337_Piperaceae,O=C1c2c(O)cc(O)cc2O[C@H](c2ccccc2)C1
QUIPRONAB,LPNV00155_Rutaceae,O=C1c2c(O)cc(O)cc2O[C@H](c2ccc(O)cc2)C1
QUIPRONAB,LPNV00156_Rutaceae,O=C1c2c(O)cc(O)cc2O[C@@H](c2ccc(O)cc2)C1
QUIPRONAB,LPNV00672_Piperaceae,O=C1c2c(O)cc(O)cc2OC(c2ccccc2)C1
QUIPRONAB,LPNV00294_Piperaceae,O=C1c2c(O)cc(O)cc2OC(c2ccccc2)=C1
QUIPRONAB,LPNV00340_Piperaceae,O=C1c2c(O)cc(O)cc2OC(c2ccc(O)cc2)C1
QUIPRONAB,LPNV00547_Lauraceae,O=C1c2c(O)cc(O)cc2OC(c2cc(O)c(O)cc2)=C1
QUIPRONAB,LPNV00666_Clusiaceae,O=C1c2c(O)c(C/C=C(\C)/C)c(O)cc2Oc2c(C/C=C(\C)/C)cccc12
QUIPRONAB,LPNV00668_Clusiaceae,O=C1c2c(O)c(C/C=C(\C)/C)c(O)c(C/C=C(\C)/C)c2Oc2c1c(O)c(C/C=C(\C)/C)cc2
QUIPRONAB,LPNV00716_N/A,O=C1[C@]2(C)C(C)(C)[C@H](C1)CC2
QUIPRONAB,LPNV00480_Myristicaceae,O=C1[C@H](Cc2cc3OCOc3cc2)[C@@H](Cc2cc3OCOc3cc2)CO1
QUIPRONAB,LPNV00089_Rutaceae,O=C1[C@H](Cc2cc3OCOc3cc2)C(Cc2cc3OCOc3cc2)CO1
QUIPRONAB,LPNV00255_Lauraceae,O=C1[C@@H](O)[C@@H]2[C@H]([C@H](C)[C@@](CC=C)(C2O)C1)c1cc2OCOc2cc1
QUIPRONAB,LPNV00120_Rutaceae,O=C1[C@@H](Cc2cc3OCOc3cc2)[C@H](Cc2cc3OCOc3cc2)CO1
QUIPRONAB,LPNV00322_Piperaceae,O=C1Oc2c3c(occ3)cc(C)c2C=C1
QUIPRONAB,LPNV00026_Rutaceae,O=C1Oc2c(cccc2)C=C1
QUIPRONAB,LPNV00122_Rutaceae,O=C1Oc2c(ccc3O[C@H](C(O)(C)C)Cc23)C=C1
QUIPRONAB,LPNV00092_Rutaceae,O=C1Oc2c(ccc3OC(C(O)(C)C)Cc23)C=C1
QUIPRONAB,LPNV00047_Rutaceae,O=C1Oc2c(ccc(O)c2)C=C1
QUIPRONAB,LPNV00111_Rutaceae,O=C1Oc2c(cc3c(occ3)c2)C=C1
QUIPRONAB,LPNV00123_Rutaceae,O=C1Oc2c(cc3c(O[C@H](C(O)(C)C)C3)c2)C=C1
QUIPRONAB,LPNV00027_Rutaceae,O=C1Oc2c(cc3c(OC(C)(C)C=C3)c2)C=C1
QUIPRONAB,LPNV00182_Rutaceae,O=C1Oc2c(cc3c(OC(C(=C)C)C3)c2)C=C1
QUIPRONAB,LPNV00401_Solanaceae,O=C1Oc2c(cc(O)c(O)c2)C=C1
QUIPRONAB,LPNV00514_Myristicaceae,O=C1Oc2c(c(O)cc3OC(c4cc(O)c(O)cc4)C(O)Cc23)C(c2cc(O)c(O)cc2)C1
QUIPRONAB,LPNV00183_Rutaceae,O=C1Oc2c(c(O)c3c(OC(C(=C)C)C3)c2)C=C1
QUIPRONAB,LPNV00316_Piperaceae,O=C1Oc2c([C@H](c3cc(O)c(O)cc3)C1)c(O)cc1OC(c3cc(O)c(O)cc3)C(O)Cc21
QUIPRONAB,LPNV00317_Piperaceae,O=C1Oc2c([C@@H](c3cc(O)c(O)cc3)C1)c(O)cc1OC(c3cc(O)c(O)cc3)C(O)Cc21
QUIPRONAB,LPNV00093_Rutaceae,O=C1Oc2c(CC=C(C)C)c(O)ccc2C=C1
QUIPRONAB,LPNV00094_Rutaceae,O=C1Oc2c(C/C=C(\CO)/C)c(O)ccc2C=C1
QUIPRONAB,LPNV00377_Gentianaceae,O=C1OCCC2C(C=C)C(OC3C(O)C(O)C(O)C(CO)O3)OC=C12
QUIPRONAB,LPNV00494_Myristicaceae,O=C1OC2(C)C(C(C)(C)CC(O)C2)=C1
QUIPRONAB,LPNV00049_Rutaceae,O=C1OC(c2cocc2)C2(C)C3(C4(C)C(=O)CC(C(O)(C)C)C5(C(O)CC(=O)OC5)C4CC2)OC13
QUIPRONAB,LPNV00378_Gentianaceae,O=C1OC(OC)CC2C(C=C)C(OC3C(O)C(O)C(O)C(CO)O3)OC=C12
QUIPRONAB,LPNV00069_Rutaceae,O=C1Nc2c(cccc2)C=2OC(C)(C)C=CC1=2
QUIPRONAB,LPNV00595_Fabaceae,O=C1N2C([C@H]3CN4C([C@H]1C3)CCCC4)CCCC2
QUIPRONAB,LPNV00599_Fabaceae,O=C1N2C(C=CC1)C1C3N(CCC1)CCCC3C2
QUIPRONAB,LPNV00071_Rutaceae,O=C1N2C(=Nc3c1cccc3)c1[nH]c3c(c1CC2)cccc3
QUIPRONAB,LPNV00596_Fabaceae,O=C1N2C(=CC=C1)C1CNCC(C2)C1
QUIPRONAB,LPNV00597_Fabaceae,O=C1N2C(=CC=C1)C1CN3C(C(C2)C1)CCCC3
QUIPRONAB,LPNV00598_Fabaceae,O=C1N2C(=CC=C1)C1CN(C)CC(C2)C1
QUIPRONAB,LPNV00005_Rutaceae,O=C1N(C)c2c(cccc2)C=2OC(C)(C)C=CC1=2
QUIPRONAB,LPNV00333_Piperaceae,O=C1C=CC(O)(CC/C=C\CCCCCC)C=C1
QUIPRONAB,LPNV00351_Piperaceae,O=C1C=2C(C)(C3C(C4C(C)(C(C(CCC(C(C)C)CC)C)CC4)CC3)C1)CCC(=O)C=2
QUIPRONAB,LPNV00352_Piperaceae,O=C1C=2C(C)(C3C(C4C(C)(C(C(/C=C/C(C(C)C)CC)C)CC4)CC3)C1)CCC(=O)C=2
QUIPRONAB,LPNV00491_Myristicaceae,O=C1C(OC2[C@H](O)C(O)C(O)[C@H](C)O2)C(c2ccc(O)cc2)Oc2c1c(O)cc(O)c2
QUIPRONAB,LPNV00549_Lauraceae,O=C1C(OC2C(O)C(O)C(O)C(CO)O2)=C(c2ccc(O)cc2)Oc2c1c(O)cc(O)c2
QUIPRONAB,LPNV00550_Lauraceae,O=C1C(OC2C(O)C(O)C(O)C(CO)O2)=C(c2cc(O)c(O)cc2)Oc2c1c(O)cc(O)c2
QUIPRONAB,LPNV00081_Rutaceae,O=C1C(OC2C(O)C(O)C(O)C(C)O2)=C(c2ccc(O)cc2)Oc2c1c(O)cc(O)c2
QUIPRONAB,LPNV00082_Rutaceae,O=C1C(OC2C(O)C(O)C(O)C(C)O2)=C(c2cc(O)c(O)cc2)Oc2c1c(O)cc(O)c2
QUIPRONAB,LPNV00291_Piperaceae,O=C1C(O)=C(c2ccccc2)Oc2c1c(O)cc(O)c2
QUIPRONAB,LPNV00580_Lauraceae,O=C1C(O)=C(c2cc(O)c(O)cc2)Oc2c1c(O)cc(O)c2
QUIPRONAB,LPNV00431_Magnoliaceae,O=C1C(O)(C)C(O)CO1
QUIPRONAB,LPNV00165_Rutaceae,O=C1C(Cc2cc3OCOc3cc2)=C(Cc2cc3OCOc3cc2)CO1
QUIPRONAB,LPNV00509_Myristicaceae,O=C1C(CCCCCCCCCCCCCCCC/C=C/CCCCCC)C(O)C(C)O1
QUIPRONAB,LPNV00439_Anonnaceae,O=C1C(CCCC)=CC(C)O1
QUIPRONAB,LPNV00630_N/A,O=C1C(C)[C@@H]2[C@](C(C)C)(C1)C2
QUIPRONAB,LPNV00262_Lauraceae,O=C1C(C)=C2C(O)C3C(=C)CCCC3(C)C=C2O1
QUIPRONAB,LPNV00267_Lauraceae,O=C1C(C)=C2C(O)(O1)CC1(C)C(C(=C)CCC1)C2C
QUIPRONAB,LPNV00264_Lauraceae,O=C1C(C)=C2C(C)(O1)CC1(C)C(C(=C)CCC1)C2
QUIPRONAB,LPNV00171_Rutaceae,O=C1C(C)(C)C=2C(C)(C3C(C)(C4C(C)CC5C(C(C(=C)C)CC5)C4CC3)CC=2)CC1
QUIPRONAB,LPNV00609_N/A,O=C1C(C)(C)C2CC1(C)CC2
QUIPRONAB,LPNV00528_Lauraceae,O=C1C(C(O)CCCCCCCCC)=C(C)C(O)(C)O1
QUIPRONAB,LPNV00180_Rutaceae,O=C1C(C(C=C)(C)C)=Cc2c(O1)cc1OC(C(=C)C)Cc1c2
QUIPRONAB,LPNV00289_Piperaceae,O=C1C(C(=C)C)C=CC(C)=C1
QUIPRONAB,LPNV00427_Magnoliaceae,O=C1C(=C)[C@@H]2[C@@H](O1)[C@@H]1[C@](C)(O1)CC/C=C(/C)\CC2
QUIPRONAB,LPNV00234_Lauraceae,O=C1C(/C=C/CCCCCCCCCCCC)=CC(C)O1
QUIPRONAB,LPNV00241_Lauraceae,O=C1C(/C=C/CCCCCCCCC#C)=CC(C)O1
QUIPRONAB,LPNV00235_Lauraceae,O=C1C(/C=C/CCCCCCCC/C=C/C=C)=CC(C)O1
QUIPRONAB,LPNV00164_Rutaceae,O=C1/C(=C\c2cc3OCOc3cc2)/C(Cc2cc3OCOc3cc2)CO1
QUIPRONAB,LPNV00239_Lauraceae,O=C1/C(=C\CCCCCCCCCCCCC)/[C@H](O)CO1
QUIPRONAB,LPNV00266_Lauraceae,O=C1/C(=C\CCCCCCCCCCC)/[C@@H](O)C(=C)O1
QUIPRONAB,LPNV00527_Lauraceae,O=C1/C(=C\CCCCCCCCCC)/[C@@H](O)[C@@H](C)O1
QUIPRONAB,LPNV00529_Lauraceae,O=C1/C(=C\CCCCCCCCC)/C(O)C(C)O1
QUIPRONAB,LPNV00240_Lauraceae,O=C1/C(=C/CCCCCCCCCCCCC)/[C@H](O)CO1
QUIPRONAB,LPNV00530_Lauraceae,O=C1/C(=C/CCCCCCCCCC)/[C@H](O)[C@H](C)O1
QUIPRONAB,LPNV00238_Lauraceae,O=C1/C(=C/CCCCCCCCCC#C)/[C@H](O)CO1
QUIPRONAB,LPNV00236_Lauraceae,O=C1/C(=C/CCCCCCCCC/C=C/C=C)/[C@H](O)CO1
QUIPRONAB,LPNV00618_N/A,O=C1/C(=C(/C)\C)/CC[C@@H](C)C1
QUIPRONAB,LPNV00654_Piperaceae,O=C/C=C/c1ccc(OC)cc1
QUIPRONAB,LPNV00202_Lauraceae,O=C/C=C/c1cc2c(C)c(-c3cc4OCOc4cc3)oc2cc1
QUIPRONAB,LPNV00232_Lauraceae,O=C/C=C/c1cc2OCOc2cc1
QUIPRONAB,LPNV00651_Piperaceae,O=C/C=C/c1cc(OC)c2OCOc2c1
QUIPRONAB,LPNV00233_Lauraceae,O=C/C=C/c1cc(OC)c(OC)cc1
QUIPRONAB,LPNV00652_Piperaceae,O=C/C=C/c1c(OC)c(OC)c2OCOc2c1
QUIPRONAB,LPNV00237_Lauraceae,O=C/C=C/CCCCCCCCC/C=C/1\[C@H](O)COC\1=O
QUIPRONAB,LPNV00631_N/A,O=C/C=C(/CC/C=C(\C)/C)\C
QUIPRONAB,LPNV00108_Rutaceae,O=C(c1ccccc1)C1C(=O)OCCC1
QUIPRONAB,LPNV00157_Rutaceae,O=C(Oc1ccc(C2Oc3c(c(O)cc(O)c3)C(=O)C2)cc1)C
QUIPRONAB,LPNV00299_Piperaceae,O=C(Oc1cc(OC)c(C(=O)CCc2ccccc2)c(O)c1)C
QUIPRONAB,LPNV00159_Rutaceae,O=C(Oc1cc(O)c2C(=O)CC(c3ccc(OC(=O)C)cc3)Oc2c1)C
QUIPRONAB,LPNV00158_Rutaceae,O=C(Oc1cc(O)c2C(=O)CC(c3ccc(O)cc3)Oc2c1)C
QUIPRONAB,LPNV00302_Piperaceae,O=C(Oc1cc(O)c2C(=O)C(OC(=O)C)=C(c3ccccc3)Oc2c1)C
QUIPRONAB,LPNV00346_Piperaceae,O=C(Oc1c2C(=O)CC(c3ccccc3)Oc2cc(OC)c1)C
QUIPRONAB,LPNV00347_Piperaceae,O=C(Oc1c2C(=O)CC(c3ccc(OC)cc3)Oc2cc(OC)c1)C
QUIPRONAB,LPNV00301_Piperaceae,O=C(Oc1c2C(=O)C(OC(=O)C)=C(c3ccccc3)Oc2cc(OC(=O)C)c1)C
QUIPRONAB,LPNV00413_Euphorbiaceae,O=C(Oc1c(OC)ccc(C2=C(OC)C(=O)c3c(O)cc(OC)cc3O2)c1)C
QUIPRONAB,LPNV00657_Piperaceae,O=C(Oc1c(OC)cc(CCC)cc1)C
QUIPRONAB,LPNV00662_Piperaceae,O=C(Oc1c(OC)cc(CC=C)cc1)C
QUIPRONAB,LPNV00653_Piperaceae,O=C(Oc1c(OC)cc(/C=C/C=O)cc1)C
QUIPRONAB,LPNV00710_N/A,O=C(Oc1c(OC)cc(/C=C/C)cc1)C
QUIPRONAB,LPNV00411_Euphorbiaceae,O=C(Oc1c(OC(=O)C)ccc(C2=C(OC)C(=O)c3c(OC(=O)C)cc(OC)cc3O2)c1)C
QUIPRONAB,LPNV00410_Euphorbiaceae,O=C(Oc1c(OC(=O)C)ccc(C2=C(OC)C(=O)c3c(O)cc(OC)cc3O2)c1)C
QUIPRONAB,LPNV00300_Piperaceae,O=C(Oc1c(C(=O)CCc2ccccc2)c(OC)cc(OC(=O)C)c1)C
QUIPRONAB,LPNV00627_N/A,O=C(O[C@H]1[C@H](C(C)C)CCCC1)C
QUIPRONAB,LPNV00270_Lauraceae,O=C(O[C@@H]1[C@]2(OC)[C@@H]([C@@H](C)[C@@]1(OC)C=C(CC=C)C2=O)c1cc(OC)c2OCOc2c1)C
QUIPRONAB,LPNV00368_Valerianaceae,O=C(O[C@@H]1[C@](O)(COCC)C2[C@H](OC(=O)CC(C)C)OC=C(COC(=O)C)C2=C1)CC(C)C
QUIPRONAB,LPNV00366_Valerianaceae,O=C(O[C@@H]1[C@](O)(COC)C2[C@H](OC(=O)CC(C)C)OC=C(COC(=O)C)C2=C1)CC(C)C
QUIPRONAB,LPNV00367_Valerianaceae,O=C(O[C@@H]1[C@](O)(COC(=O)C)C2[C@H](OC(=O)CC(C)C)OC=C(COC(=O)C)C2=C1)CC(C)C
QUIPRONAB,LPNV00495_Myristicaceae,O=C(O[C@@H]1C(OC(=O)C)C(OC(=O)C)[C@H](C)OC1OC1C(=O)c2c(O)cc(OC(=O)C)cc2OC1c1cc(OC(=O)C)c(OC(=O)C)cc1)C
QUIPRONAB,LPNV00579_Lauraceae,O=C(O[C@@H]1C(OC(=O)/C=C/c2ccc(O)cc2)C(O)[C@H](OC2=C(c3ccc(OC)cc3)Oc3c(c(O)cc(O)c3)C2=O)CC1C)/C=C\c1ccc(O)cc1
QUIPRONAB,LPNV00576_Lauraceae,O=C(O[C@@H]1C(OC(=O)/C=C/c2ccc(O)cc2)C(O)[C@H](OC2=C(c3ccc(OC)cc3)Oc3c(c(O)cc(O)c3)C2=O)CC1C)/C=C/c1ccc(O)cc1
QUIPRONAB,LPNV00577_Lauraceae,O=C(O[C@@H]1C(O)C(OC(=O)/C=C\c2ccc(O)cc2)[C@H](OC2=C(c3ccc(OC)cc3)Oc3c(c(O)cc(O)c3)C2=O)CC1C)/C=C\c1ccc(O)cc1
QUIPRONAB,LPNV00578_Lauraceae,O=C(O[C@@H]1C(O)C(OC(=O)/C=C\c2ccc(O)cc2)[C@H](OC2=C(c3ccc(OC)cc3)Oc3c(c(O)cc(O)c3)C2=O)CC1C)/C=C/c1ccc(O)cc1
QUIPRONAB,LPNV00575_Lauraceae,O=C(O[C@@H]1C(O)C(OC(=O)/C=C/c2ccc(O)cc2)[C@H](OC2=C(c3ccc(OC)cc3)Oc3c(c(O)cc(O)c3)C2=O)CC1C)/C=C\c1ccc(O)cc1
QUIPRONAB,LPNV00369_Valerianaceae,O=C(OC[C@@]1(O)[C@@H](OC(=O)CC(C)C)C=C2C(COC(=O)C)=CO[C@@H](OC(=O)CC(C)C)C12)CC(C)C
QUIPRONAB,LPNV00371_Valerianaceae,O=C(OC[C@@]1(O)[C@@H](O)C=C2C(COC(=O)C)=CO[C@@H](OC(=O)CC(C)C)C12)CC(C)C
QUIPRONAB,LPNV00538_Solanaceae,O=C(OCCCCCCCCCCCCCC)/C=C/c1cc(OC)c(O)cc1
QUIPRONAB,LPNV00360_Leguminosae,O=C(OCCCC)CCCCC
QUIPRONAB,LPNV00359_Leguminosae,O=C(OCCCC)CCCC
QUIPRONAB,LPNV00358_Leguminosae,O=C(OCCCC)CCC
QUIPRONAB,LPNV00373_Valerianaceae,O=C(OCC1=CO[C@@H](OC(=O)CC(C)C)C2[C@@](O)(COC(=O)C)[C@H](O)CC12)CC(C)C
QUIPRONAB,LPNV00372_Valerianaceae,O=C(OCC1=CO[C@@H](OC(=O)CC(C)C)C2[C@@](O)(COC(=O)C)[C@@H](O)CC12)CC(C)C
QUIPRONAB,LPNV00374_Valerianaceae,O=C(OCC1=CO[C@@H](O)C2[C@@](O)(CO)[C@@H](OC(=O)C)CC12)CC(C)C
QUIPRONAB,LPNV00645_Piperaceae,O=C(OCC)c1cc(C/C=C(\C)/C)c(OC)c(C/C=C(\C)/C)c1
QUIPRONAB,LPNV00279_Lauraceae,O=C(OCC)N1[C@@H]2c3c(c(O)c(OC)c(OC)c3CC1)-c1c(cc3OCOc3c1)C2
QUIPRONAB,LPNV00542_Lauraceae,O=C(OCC)Cc1ccc(O)cc1
QUIPRONAB,LPNV00256_Lauraceae,O=C(OCC)CCc1ccc(O)cc1
QUIPRONAB,LPNV00384_Solanaceae,O=C(OCC)CCCCCCCCCCCCCCC
QUIPRONAB,LPNV00386_Solanaceae,O=C(OCC)CCCCCCC/C=C/CCCCCCCC
QUIPRONAB,LPNV00385_Solanaceae,O=C(OCC)CCCCCCC/C=C/C/C=C/CCCCC
QUIPRONAB,LPNV00406_Rubiaceae,O=C(OCC)CCC1C(C)C=2N=C1C=1C(C(=O)OC)C(=O)c3c(C)[cH0]([nH][cH0]=13)=CC=1C(CC)=C(C)C(N=1)=Cc1c(C=C)c(C)c([nH]1)C=2
QUIPRONAB,LPNV00173_Rutaceae,O=C(OCC)/C=C/c1cc(O)c(O)cc1
QUIPRONAB,LPNV00172_Rutaceae,O=C(OCC(O)CO)CCCCCCCCCCCCCCC
QUIPRONAB,LPNV00048_Rutaceae,O=C(OC1[C@@]2(C)C34OC3C(=O)O[C@@H](c3cocc3)C4C[C@@H](O)C2C2([C@H](O)OC(=O)CC2O)C(C(O)(C)C)C1)C
QUIPRONAB,LPNV00376_Gentianaceae,O=C(OC1OC(=O)C2=COC(OC3C(O)C(O)C(O)C(CO)O3)C(C=C)C2C1)C(CC)C
QUIPRONAB,LPNV00375_Gentianaceae,O=C(OC1OC(=O)C2=COC(OC3C(O)C(O)C(O)C(CO)O3)C(C=C)C2C1)C(C)C
QUIPRONAB,LPNV00679_N/A,O=C(OC1C[C@@H]2N(C)[C@H](C1)CC2)C(CO)c1ccccc1
QUIPRONAB,LPNV00204_Lauraceae,O=C(OC1C2=C(C)C(O)OC2(O)C[C@]2(C)C1C(=C)C1C2C1)C
QUIPRONAB,LPNV00314_Piperaceae,O=C(OC1C(O)C(OC(=O)/C=C/c2ccc(O)cc2)C(C)OC1OC1=C(c2ccc(O)cc2)Oc2c(c(O)cc(O)c2)C1=O)/C=C/c1ccc(O)cc1
QUIPRONAB,LPNV00269_Lauraceae,O=C(OC1C(O)C(O)C(CO)OC1OC1=C(c2ccc(O)cc2)Oc2c(c(O)cc(O)c2)C1=O)/C=C/c1ccc(O)cc1
QUIPRONAB,LPNV00303_Piperaceae,O=C(OC1=C(c2ccccc2)Oc2c(c(O)cc(O)c2)C1=O)C
QUIPRONAB,LPNV00231_Lauraceae,O=C(OC/C=C/c1cc2OCOc2cc1)C
QUIPRONAB,LPNV00615_N/A,O=C(OC/C=C(/CC/C=C(\C)/C)\C)C
QUIPRONAB,LPNV00103_Rutaceae,O=C(OC)c1ccc(O)cc1
QUIPRONAB,LPNV00647_Piperaceae,O=C(OC)c1cc(C/C=C(\C)/C)c(OC)c(C/C=C(\C)/C)c1
QUIPRONAB,LPNV00398_lobariaceae,O=C(OC)c1c(O)cc(O)cc1C
QUIPRONAB,LPNV00395_Stereocaulaceae,O=C(OC)c1c(O)c(C)c(OC(=O)c2c(O)c(C=O)c(O)cc2C)cc1C
QUIPRONAB,LPNV00393_Stereocaulaceae,O=C(OC)c1c(O)c(C)c(O)cc1C
QUIPRONAB,LPNV00392_Stereocaulaceae,O=C(OC)c1c(O)c(C(=O)C)c(O)cc1C
QUIPRONAB,LPNV00397_lobariaceae,O=C(OC)c1c(O)c(C(=O)C)c(O)c(C)c1C
QUIPRONAB,LPNV00282_Lauraceae,O=C(OC)[NH+]1[C@@H]2c3c(c(O)c(OC)c(OC)c3CC1)-c1c(cc3OCOc3c1)C2
QUIPRONAB,LPNV00192_Lauraceae,O=C(OC)N1C2c3c(c4OCOc4cc3CC1)-c1c(cc(O)c(OC)c1)C2
QUIPRONAB,LPNV00193_Lauraceae,O=C(OC)N1C2C=3C(c4c(cc(O)c(OC)c4)C2)=C2OCOC2C(OC)C=3CC1
QUIPRONAB,LPNV00060_Rutaceae,O=C(OC)CCc1c(OC)cc2occc2c1
QUIPRONAB,LPNV00055_Rutaceae,O=C(OC)CCc1c(OC)c2c(OC(C)(C)C=C2)cc1OC
QUIPRONAB,LPNV00054_Rutaceae,O=C(OC)CCc1c(OC)c2c(OC(C)(C)C=C2)cc1
QUIPRONAB,LPNV00058_Rutaceae,O=C(OC)CCc1c(OC)c2OC(C)(C)C=Cc2c(OC)c1
QUIPRONAB,LPNV00284_Lauraceae,O=C(OC)CCCCCCCCCCCCCCC
QUIPRONAB,LPNV00077_Rutaceae,O=C(OC)CC1C(C)(C)C(=O)C=C2C1(C)C1C(C)(O2)C=2C(C)(C(c3cocc3)OC(=O)C=2)CC1
QUIPRONAB,LPNV00078_Rutaceae,O=C(OC)CC1C(C)(C)C(=O)C2OC32C1(C)C=1C(C)(O3)C=2C(C)(C(c3cocc3)OC(=O)C=2)CC=1
QUIPRONAB,LPNV00543_Lauraceae,O=C(OC)C(=C)C1CC2C(=C)CCCC2(C)CC1
QUIPRONAB,LPNV00046_Rutaceae,O=C(OC)/C=C\c1c(C(=O)CC)nc2occc2c1
QUIPRONAB,LPNV00281_Lauraceae,O=C(OC)/C=C(\C=C\C1(O)C2(C)OCC1(C)CC(O)C2)/C
QUIPRONAB,LPNV00213_Lauraceae,O=C(OC)/C(/C(O)C(=O)C)=C\CCCCCCCCCCCCC
QUIPRONAB,LPNV00613_N/A,O=C(OC(C=C)(CC/C=C(\C)/C)C)C
QUIPRONAB,LPNV00130_Rutaceae,O=C(O)c1cc(OC)c(O)cc1
QUIPRONAB,LPNV00297_Piperaceae,O=C(O)c1cc(O)c(O)cc1
QUIPRONAB,LPNV00646_Piperaceae,O=C(O)c1cc(CCC(C)C)c(OC)c(CCC(C)C)c1
QUIPRONAB,LPNV00641_Piperaceae,O=C(O)c1cc(C/C=C(\C)/C)c(OC)c(C/C=C(\C)/C)c1
QUIPRONAB,LPNV00643_Piperaceae,O=C(O)c1cc(C/C=C(\C)/C)c(O)c(C/C=C(\C)/C)c1
QUIPRONAB,LPNV00323_Piperaceae,O=C(O)c1cc(C/C=C(/CCC=C(C)C)\C)c2OC(C)(C)C=Cc2c1
QUIPRONAB,LPNV00671_Piperaceae,O=C(O)c1cc(C/C=C(/CC/C=C(\C)/C)\C)c(OC)cc1
QUIPRONAB,LPNV00644_Piperaceae,O=C(O)c1cc(C(=O)/C=C(\C)/C)c(O)c(C/C=C(\C)/C)c1
QUIPRONAB,LPNV00324_Piperaceae,O=C(O)c1cc(C(=O)/C=C(/CCC=C(C)C)\C)c(O)c(CC=C(C)C)c1
QUIPRONAB,LPNV00396_Stereocaulaceae,O=C(O)c1c(C)cc(O)c2c1oc1c2c2c(c(O)c1)C(=O)OC2
QUIPRONAB,LPNV00207_Lauraceae,O=C(O)[C@@]12[C@@H]([C@@](O)(C)C(C)CC1)C=1C(C)([C@@]3(C)C([C@]4(C)C(C(C)(C)[C@@H](O)C(O)C4)CC3)CC=1)CC2
QUIPRONAB,LPNV00139_Rutaceae,O=C(O)[C@@H]1N(Cc2c(O)c(C(=O)C)c(OC)cc2OC)CCC1
QUIPRONAB,LPNV00104_Rutaceae,O=C(O)Cc1ccccc1
QUIPRONAB,LPNV00546_Lauraceae,O=C(O)Cc1ccc(O)cc1
QUIPRONAB,LPNV00131_Rutaceae,O=C(O)C[C@H]1N(C)c2c3c(cc4OCOc4c3)ccc2-c2c1c(OC)c(OC)cc2
QUIPRONAB,LPNV00391_Solanaceae,O=C(O)CCc1ccc(O)cc1
QUIPRONAB,LPNV00057_Rutaceae,O=C(O)CCc1c(OC)c2c(OC(C)(C)C=C2)cc1OC
QUIPRONAB,LPNV00050_Rutaceae,O=C(O)CCc1c(OC)c2c(OC(C)(C)C=C2)cc1
QUIPRONAB,LPNV00059_Rutaceae,O=C(O)CCc1c(OC)c2OC(C)(C)C=Cc2c(OC)c1
QUIPRONAB,LPNV00154_Rutaceae,O=C(O)CCCCCCCCCCCCCCCCCCCCCCCCC
QUIPRONAB,LPNV00562_Lauraceae,O=C(O)CCCCCCCCCCCCCCCC
QUIPRONAB,LPNV00387_Solanaceae,O=C(O)CCCCCCCCCCCCCCC
QUIPRONAB,LPNV00357_Leguminosae,O=C(O)CCCCCCCCCCCCCC
QUIPRONAB,LPNV00355_Leguminosae,O=C(O)CCCCCCCCCCCCC
QUIPRONAB,LPNV00388_Solanaceae,O=C(O)CCC/C=C\CCCCCCCCCCOC(=O)C
QUIPRONAB,LPNV00561_Lauraceae,O=C(O)C1N(C)CC(O)C1
QUIPRONAB,LPNV00502_Myristicaceae,O=C(O)C1C2C(C(C)C)CCC(O)(C)[C@@H]2CC1
QUIPRONAB,LPNV00432_Magnoliaceae,O=C(O)C1=C[C@@H](O)[C@@H](O)[C@H](O)C1
QUIPRONAB,LPNV00039_Rutaceae,O=C(O)C12C(C(C(=C)C)CC1)C1C(C)(C3(C)C(C4(C)C(C(C)(C)C(O)CC4)=CC3)CC1)CC2
QUIPRONAB,LPNV00263_Lauraceae,O=C(O)C(C)C1CC2C(=C)CCCC2(C)CC1
QUIPRONAB,LPNV00544_Lauraceae,O=C(O)C(=C)C1C[C@H]2C(=C)CCCC2(C)CC1
QUIPRONAB,LPNV00711_N/A,O=C(O)/C=C/c1ccccc1
QUIPRONAB,LPNV00390_Solanaceae,O=C(O)/C=C/c1ccc(O)cc1
QUIPRONAB,LPNV00174_Rutaceae,O=C(O)/C=C/c1cc(O)c(OC2[C@H](O)CC(O)(C(=O)O)C[C@@H]2O)cc1
QUIPRONAB,LPNV00040_Rutaceae,O=C(NCCc1ccccc1)/C=C/c1cc2OCOc2cc1
QUIPRONAB,LPNV00053_Rutaceae,O=C(NCCc1ccc(OCC=C(C)C)cc1)/C(=C/C)/C
QUIPRONAB,LPNV00075_Rutaceae,O=C(NCCc1ccc(OCC(O)C(O)(C)C)cc1)/C(=C/C)/C
QUIPRONAB,LPNV00076_Rutaceae,O=C(NCCc1ccc(O)cc1)CCCCCCCC=CCCCCCCCC
QUIPRONAB,LPNV00293_Piperaceae,O=C(NCCc1ccc(O)cc1)/C=C/c1ccc(O)cc1
QUIPRONAB,LPNV00074_Rutaceae,O=C(NCCc1ccc(O)cc1)/C(=C/C)/C
QUIPRONAB,LPNV00181_Rutaceae,O=C(NCC(C)C)/C=C/C=C/CCCCC
QUIPRONAB,LPNV00287_Piperaceae,O=C(NCC(C)C)/C=C/C=C/CCC
QUIPRONAB,LPNV00684_N/A,O=C(N)c1ccccc1
QUIPRONAB,LPNV00688_N/A,O=C(N)CCOc1c2OC=CC(=O)c2ccc1
QUIPRONAB,LPNV00365_Solanaceae,O=C(N)CC(C)C
QUIPRONAB,LPNV00127_Rutaceae,O=C(C[C@H]1N(C)c2c3c(cc4OCOc4c3)ccc2-c2c1c(OC)c(OC)cc2)C
QUIPRONAB,LPNV00212_Lauraceae,O=C(C[C@@H](O)COC(=O)C)CCCCC/C=C\C/C=C\CCCCC
QUIPRONAB,LPNV00342_Piperaceae,O=C(CCc1ccccc1)c1c(OC)cc(OC)cc1OC
QUIPRONAB,LPNV00343_Piperaceae,O=C(CCc1ccccc1)c1c(OC)cc(O)cc1OC
QUIPRONAB,LPNV00290_Piperaceae,O=C(CCc1ccccc1)c1c(OC)cc(O)cc1O
QUIPRONAB,LPNV00214_Lauraceae,O=C(CCc1ccccc1)c1c(OC)c(O)c(OC)c(O)c1OC
QUIPRONAB,LPNV00349_Piperaceae,O=C(CCc1ccccc1)c1c(O)cc(OC)cc1O
QUIPRONAB,LPNV00348_Piperaceae,O=C(CCc1ccccc1)c1c(O)cc(O)cc1O
QUIPRONAB,LPNV00453_Myristicaceae,O=C(CCc1ccc(OC)cc1)c1c(OC)cc(O)cc1O
QUIPRONAB,LPNV00456_Myristicaceae,O=C(CCc1ccc(OC)cc1)c1c(O)cc(O)cc1O
QUIPRONAB,LPNV00455_Myristicaceae,O=C(CCc1ccc(OC)cc1)c1c(O)c(C(C=C)c2ccc(O)cc2)c(O)cc1OC
QUIPRONAB,LPNV00461_Myristicaceae,O=C(CCc1ccc(OC)cc1)c1c(O)c(C(C(C(Cc2ccc(O)cc2)C)C)c2ccc(O)cc2)c(O)cc1OC
QUIPRONAB,LPNV00510_Myristicaceae,O=C(CCc1cc2OCOc2cc1)c1c(OC)cc(O)cc1O
QUIPRONAB,LPNV00471_Myristicaceae,O=C(CCc1cc(OC)c(OC)cc1)c1c(OC)cc(O)cc1O
QUIPRONAB,LPNV00511_Myristicaceae,O=C(CCc1cc(O)c(OC)cc1)c1c(OC)cc(O)cc1O
QUIPRONAB,LPNV00686_N/A,O=C(CCOCC)c1c(O)c(OC)ccc1
QUIPRONAB,LPNV00516_Myristicaceae,O=C(CCCCCCCCCCc1ccccc1)C=1C(=O)[C@@H](O)CCC=1O
QUIPRONAB,LPNV00517_Myristicaceae,O=C(CCCCCCCCCCCc1ccccc1)C=1C(=O)C(O)CCC=1O
QUIPRONAB,LPNV00620_N/A,O=C(CCCCCCCC)C
QUIPRONAB,LPNV00708_N/A,O=C(CCCCCCC/C=C/CCCCCCCC)C
QUIPRONAB,LPNV00704_N/A,O=C(CCCCCCC)CCC
QUIPRONAB,LPNV00640_N/A,O=C(CCCCCCC)C
QUIPRONAB,LPNV00500_Myristicaceae,O=C(CC1C(CCCCCC)OC2OC(CO)C(OC(=O)c3ccc(O)cc3)C(O)C2O1)C
QUIPRONAB,LPNV00676_Piperaceae,O=C(CC(O)(CC/C=C(\C)/C)C)c1c(O)ccc(O)c1
QUIPRONAB,LPNV00468_Myristicaceae,O=C(CC(C)C)CC1(C)OC(c2cocc2)CC1
QUIPRONAB,LPNV00339_Piperaceae,O=C(C)c1ccc(C2Oc3c(c(O)cc(OC)c3)C(=O)C2)cc1
QUIPRONAB,LPNV00160_Rutaceae,O=C(C)c1cc(O)c(O)cc1
QUIPRONAB,LPNV00184_Lauraceae,O=C(C)c1c(OC)cc2c(-c3c4OCOc4cc4c3C(N(C)CC4)C2)c1
QUIPRONAB,LPNV00090_Rutaceae,O=C(C)c1c(OC)cc(OC)cc1O
QUIPRONAB,LPNV00091_Rutaceae,O=C(C)c1c(OC)cc(O)cc1O
QUIPRONAB,LPNV00428_Magnoliaceae,O=C(C)N1C2c3c(c4OCOc4cc3CC1)-c1c(cccc1)C2
QUIPRONAB,LPNV00203_Lauraceae,O=C(C(Oc1ccc(/C=C/C)cc1)C)c1ccc(O)cc1
QUIPRONAB,LPNV00446_Myristicaceae,O=C(C(O)Cc1ccc(OC)cc1)c1c(O)cc(OC)cc1
QUIPRONAB,LPNV00153_Rutaceae,O=C(C(C)C1C2(C)C(C3C(C4(C)C(=CC3)C[C@@H](O)CC4)CC2)CC1)CC(C(C)C)C
QUIPRONAB,LPNV00304_Piperaceae,O=C(/C=C/c1ccccc1)c1ccccc1
QUIPRONAB,LPNV00219_Lauraceae,O=C(/C=C/c1ccc(O)cc1)CNCc1c2c([nH]c1)cccc2
QUIPRONAB,LPNV00305_Piperaceae,O=C(/C=C/c1ccc(N(C)C)cc1)c1ccccc1
QUIPRONAB,LPNV00307_Piperaceae,O=C(/C=C/c1ccc(N(C)C)cc1)c1ccc(N)cc1
QUIPRONAB,LPNV00309_Piperaceae,O=C(/C=C/c1ccc(C)cc1)c1ccc(N)cc1
QUIPRONAB,LPNV00211_Lauraceae,O=C(/C=C/CCC/C=C\C/C=C\CCCCC)CC(O)(O)COC(=O)C
QUIPRONAB,LPNV00674_Piperaceae,O=C(/C=C(\CC/C=C(\C)/C)/C)c1c(O)ccc(O)c1
QUIPRONAB,LPNV00675_Piperaceae,O=C(/C=C(/CC/C=C(\C)/C)\C)c1c(O)ccc(O)c1
QUIPRONAB,LPNV00044_Rutaceae,O(c1ccccc1)C=1N(C)c2c(C(=O)C=1)cccc2
QUIPRONAB,LPNV00407_Cannaceae,O([C@H]1C(O)[C@H](O)[C@@H](O)C(CO)O1)C1CC=2C(C)(C3C(C4C(C)(C(C(CCC(C(C)C)CC)C)CC4)CC3)CC=2)CC1
QUIPRONAB,LPNV00503_Myristicaceae,O([C@H]1C(O)C(O)[C@H](O)C(CO)O1)C1CC=2C(C)(C3C(C4C(C)(C(C(CCC(C(C)C)CC)C)CC4)CC3)CC=2)CC1
QUIPRONAB,LPNV00583_Lauraceae,O([C@H]1C(O)C(O)[C@H](CO)O1)C1=C(c2ccc(O)cc2)Oc2c(c(O)cc(O)c2)C1=O
QUIPRONAB,LPNV00586_Lauraceae,O([C@H]1C(O)C(O)[C@H](CO)O1)C1=C(c2cc(O)c(O)cc2)Oc2c(c(O)cc(O)c2)C1=O
QUIPRONAB,LPNV00585_Lauraceae,O([C@H]1C(O)C(O)[C@@H](O)C(C)O1)C1=C(c2ccc(O)cc2)Oc2c(c(O)cc(O)c2)C1=O
QUIPRONAB,LPNV00584_Lauraceae,O([C@H]1C(O)C(O)[C@@H](O)C(C)O1)C1=C(c2cc(O)c(O)cc2)Oc2c(c(O)cc(O)c2)C1=O
QUIPRONAB,LPNV00216_Lauraceae,O([C@H](C[C@H](O)CCCCc1ccccc1)CC1OC(=O)C=CC1)C(=O)C
QUIPRONAB,LPNV00138_Rutaceae,O([C@@H]1CC=2C(C)(C3C(C4C(C)(C(C(/C=C/C(C(C)C)CC)C)CC4)CC3)CC=2)CC1)C1[C@@H](O)[C@H](O)[C@@H](O)[C@H](CO)O1
QUIPRONAB,LPNV00408_Cannaceae,O([C@@H]1C(O)C(O)[C@H](OC2[C@H](O)OC(CO)[C@@H](O)C2O)OC1CO)c1c(O)ccc(C=2Oc3c(O)c(O)cc(O)c3C(=O)C=2)c1
QUIPRONAB,LPNV00268_Lauraceae,O([C@@H]1C(O)C(O)[C@H](O)C(CO)O1)C1CC=2C(C)(C3C(C4C(C)(C(C(CCC(C(C)C)CC)C)CC4)CC3)CC=2)CC1
QUIPRONAB,LPNV00217_Lauraceae,O([C@@H](C[C@@H](O)CC1OC(=O)C=CC1)CCCCc1ccccc1)C(=O)C
QUIPRONAB,LPNV00190_Lauraceae,O(Cc1cc2OCOc2cc1)[C@H]1[C@@H](C)[C@]2(CC=C)C(O)(C(=O)C=CC2)O1
QUIPRONAB,LPNV00189_Lauraceae,O(Cc1cc2OCOc2cc1)[C@@H]1[C@@H](C)[C@]2(CC=C)C(OC)(C(=O)C=CC2)O1
QUIPRONAB,LPNV00187_Lauraceae,O(Cc1cc(OC)c(OC)cc1)[C@H]1[C@@H](C)[C@]2(CC=C)C(OC)(C(=O)C=CC2)O1
QUIPRONAB,LPNV00191_Lauraceae,O(Cc1cc(OC)c(OC)cc1)[C@@H]1[C@@H](C)[C@]2(CC=C)C(O)(C(=O)C=CC2)O1
QUIPRONAB,LPNV00403_Solanaceae,O(CCO)[C@@H]1[C@@H](O)C(O)[C@H](Oc2c(O)cc3c(OC(=O)C=C3)c2)OC1CO
QUIPRONAB,LPNV00693_N/A,O(CCC#N)c1c(OC)c(O)ccc1
QUIPRONAB,LPNV00247_Lauraceae,O(CC=C)c1c(OC)cc2[C@H](C)[C@@H](c3cc4OCOc4cc3)Oc2c1
QUIPRONAB,LPNV00136_Rutaceae,O(CC=C(C)C)c1ccc(/C=C/CO)cc1
QUIPRONAB,LPNV00568_Lauraceae,O(CC=C(C)C)c1c(OC)cc2c3c(OC)c(O)cc(CCN(CC=C(C)C)C)c3ccc2c1
QUIPRONAB,LPNV00095_Rutaceae,O(CC=C(C)C)c1c(OC)c2nc3occc3c(OC)c2cc1
QUIPRONAB,LPNV00096_Rutaceae,O(CC1C(C)(C)O1)c1c(OC)c2nc3occc3c(OC)c2cc1
QUIPRONAB,LPNV00097_Rutaceae,O(CC(O)C(O)(C)C)c1c(OC)c2nc3occc3c(OC)c2cc1
QUIPRONAB,LPNV00298_Piperaceae,O(C1C(O)C(O)C(O)C(CO)O1)C1CC=2C(C)(C3C(C4C(C)(C(C(CCC(C(C)C)CC)C)CC4)CC3)CC=2)CC1
QUIPRONAB,LPNV00068_Rutaceae,O(C)c1nc2c(c(OC)c1)cccc2
QUIPRONAB,LPNV00655_Piperaceae,O(C)c1ccc(CCC)cc1
QUIPRONAB,LPNV00629_N/A,O(C)c1ccc(CC=C)cc1
QUIPRONAB,LPNV00505_Myristicaceae,O(C)c1ccc(C=2C(=O)c3c(OC=2)cc(O)cc3)cc1
QUIPRONAB,LPNV00486_Myristicaceae,O(C)c1ccc(C=2C(=O)c3c(O)cc(O)cc3OC=2)cc1
QUIPRONAB,LPNV00338_Piperaceae,O(C)c1ccc(C2Oc3c(c(O)cc(O)c3)C(=O)C2)cc1
QUIPRONAB,LPNV00581_Lauraceae,O(C)c1ccc(C2=C(OC3C(O)C(O)C(O)C(C)O3)C(=O)c3c(O)cc(O)cc3O2)cc1
QUIPRONAB,LPNV00614_N/A,O(C)c1ccc(/C=C/C)cc1
QUIPRONAB,LPNV00072_Rutaceae,O(C)c1cc2c([nH]c3c2CCN2C(=O)c4c(N=C32)cccc4)cc1
QUIPRONAB,LPNV00525_Myristicaceae,O(C)c1cc2OC(c3cc4OCOc4cc3)=CC(=O)c2cc1
QUIPRONAB,LPNV00007_Rutaceae,O(C)c1cc(O)c2C(=O)c3c(N(C)c2c1)cccc3
QUIPRONAB,LPNV00296_Piperaceae,O(C)c1cc(O)c2C(=O)C[C@@H](c3ccccc3)Oc2c1
QUIPRONAB,LPNV00336_Piperaceae,O(C)c1cc(O)c2C(=O)C[C@@H](c3ccc(OC)cc3)Oc2c1
QUIPRONAB,LPNV00341_Piperaceae,O(C)c1cc(O)c2C(=O)C[C@@H](c3ccc(O)cc3)Oc2c1
QUIPRONAB,LPNV00295_Piperaceae,O(C)c1cc(O)c2C(=O)CC(c3ccc(OC)cc3)Oc2c1
QUIPRONAB,LPNV00421_Euphorbiaceae,O(C)c1cc(O)c2C(=O)C(OC)=C(c3cc(O)c(O)cc3)Oc2c1
QUIPRONAB,LPNV00414_Euphorbiaceae,O(C)c1cc(O)c2C(=O)C(O)=C(c3cc(O)c(O)cc3)Oc2c1
QUIPRONAB,LPNV00648_Piperaceae,O(C)c1cc(O)c(CCCc2ccccc2)c(O)c1
QUIPRONAB,LPNV00485_Myristicaceae,O(C)c1cc(O)c(C=2C(=O)c3c(O)cc(O)cc3OC=2)cc1
QUIPRONAB,LPNV00670_Clusiaceae,O(C)c1cc(C/C=C(\C)/C)c2Oc3c(c(O)c(C/C=C(\C)/C)c(O)c3)C(=O)c2c1
QUIPRONAB,LPNV00025_Rutaceae,O(C)c1c2occc2cc2c1OC(=O)C=C2
QUIPRONAB,LPNV00001_Rutaceae,O(C)c1c2occc2c2[nH]c3c(c2c1)cccc3
QUIPRONAB,LPNV00196_Lauraceae,O(C)c1c2oc(c(C)c2cc(/C=C/C)c1)-c1cc2OCOc2cc1
QUIPRONAB,LPNV00003_Rutaceae,O(C)c1c2c(occ2)nc2c1cccc2
QUIPRONAB,LPNV00024_Rutaceae,O(C)c1c2c(occ2)cc2OC(=O)C=Cc12
QUIPRONAB,LPNV00017_Rutaceae,O(C)c1c2c(nc3occc13)cc1OCOc1c2
QUIPRONAB,LPNV00009_Rutaceae,O(C)c1c2c(nc3occc13)cc(OC)c(OC)c2
QUIPRONAB,LPNV00032_Rutaceae,O(C)c1c2c(n(C)c1)cccc2
QUIPRONAB,LPNV00258_Lauraceae,O(C)c1c2c(cc(C3[C@@H](C)[C@]4(OC)C(O)[C@@]3(O)C(=O)C(CC=C)=C4)c1)CCC2
QUIPRONAB,LPNV00008_Rutaceae,O(C)c1c2c(c(OC)ccc2)nc2occc12
QUIPRONAB,LPNV00016_Rutaceae,O(C)c1c2c(c(OC)cc(OC)c2)nc2occc12
QUIPRONAB,LPNV00022_Rutaceae,O(C)c1c2c(c(OC)c3OCOc3c2)nc2occc12
QUIPRONAB,LPNV00589_Lauraceae,O(C)c1c2c(OC(c3cc4OCOc4cc3)C(O)C2)cc(OC)c1
QUIPRONAB,LPNV00061_Rutaceae,O(C)c1c2c(OC(C)(C)C=C2)c2c(OC(=O)C=C2)c1
QUIPRONAB,LPNV00321_Piperaceae,O(C)c1c2c(OC(=O)C=C2)c2c(occ2)c1
QUIPRONAB,LPNV00052_Rutaceae,O(C)c1c2c(OC(=O)C=C2)c2c(OC(C)(C)C=C2)c1
QUIPRONAB,LPNV00271_Lauraceae,O(C)c1c2OCOc2cc([C@@H]2[C@@H](C)[C@]3(OC)[C@H](O)[C@@]2(OC)C(=O)C(CC=C)=C3)c1
QUIPRONAB,LPNV00664_Piperaceae,O(C)c1c2OCOc2cc(CC=C)c1
QUIPRONAB,LPNV00259_Lauraceae,O(C)c1c2OCOc2cc(C2[C@@H](C)[C@@]3(OC)C(O2)=CC(=O)C(CC=C)=C3)c1
QUIPRONAB,LPNV00185_Lauraceae,O(C)c1c2OCOc2cc(C2C3(CC=C)C(O)CC4(OCOC4)C(C2C)C3)c1
QUIPRONAB,LPNV00220_Lauraceae,O(C)c1c2OCOc2cc(C2C3(CC=C)C(=O)CC4OCOC4(C2C)C3)c1
QUIPRONAB,LPNV00222_Lauraceae,O(C)c1c2OCOc2cc(C2C3(CC=C)C(=O)C=C4OCOC4(C2C)C3)c1
QUIPRONAB,LPNV00441_Myristicaceae,O(C)c1c2OCOc2c2[C@](O)([C@H](C)[C@H](C)Cc2c1)c1cc2OCOc2cc1
QUIPRONAB,LPNV00443_Myristicaceae,O(C)c1c2OCOc2c2C(c3cc4OCOc4cc3)=C(C)[C@H](C)Cc2c1
QUIPRONAB,LPNV00244_Lauraceae,O(C)c1c2OCOc2c-2c3[C@@H](N(C)CCc13)Cc1c-2cc(OC)c(OC)c1
QUIPRONAB,LPNV00690_N/A,O(C)c1c2OC(c3c4OCOc4ccc3)C(CO)Cc2cc(CC=C)c1
QUIPRONAB,LPNV00451_Myristicaceae,O(C)c1c2OC([C@@H](CO)c2cc(CC=C)c1)c1cc2OCOc2cc1
QUIPRONAB,LPNV00042_Rutaceae,O(C)c1c2N(C)C(=O)C3=C(OC(C)(C)C=C3)c2ccc1
QUIPRONAB,LPNV00116_Rutaceae,O(C)c1c(OC)ccc2c1cnc1c3c(cc4OCOc4c3)ccc21
QUIPRONAB,LPNV00707_N/A,O(C)c1c(OC)ccc2c1c[n+]1c(-c3c(cc4OCOc4c3)CC1)c2
QUIPRONAB,LPNV00133_Rutaceae,O(C)c1c(OC)ccc2c1[CH-][NH+]1C(c3c(cc4OCOc4c3)CC1)=C2
QUIPRONAB,LPNV00137_Rutaceae,O(C)c1c(OC)ccc2c1[CH-][NH+]1C(c3c(cc(O)c(OC)c3)CC1)=C2
QUIPRONAB,LPNV00115_Rutaceae,O(C)c1c(OC)ccc2c1C[N+]1(C)CCc3c(cc(OC)c(OC)c3)[C-]1C2
QUIPRONAB,LPNV00114_Rutaceae,O(C)c1c(OC)ccc2c1C[N+]1(C)CCc3c(cc(O)c(OC)c3)[C-]1C2
QUIPRONAB,LPNV00013_Rutaceae,O(C)c1c(OC)ccc2c(OC)c3c(occ3)nc12
QUIPRONAB,LPNV00083_Rutaceae,O(C)c1c(OC)ccc([C@H]2[C@H](CO)[C@H](Cc3cc4OCOc4cc3)CO2)c1
QUIPRONAB,LPNV00085_Rutaceae,O(C)c1c(OC)ccc([C@H]2OCC3[C@@H](c4cc5OCOc5cc4)OCC23)c1
QUIPRONAB,LPNV00685_N/A,O(C)c1c(OC)ccc([C@H]2OCC3[C@@H](c4cc(OC)c(OC)cc4)OCC23)c1
QUIPRONAB,LPNV00449_Myristicaceae,O(C)c1c(OC)ccc([C@@H]2[C@@H](CO)c3c(c(OC)cc(CC=C)c3)O2)c1
QUIPRONAB,LPNV00086_Rutaceae,O(C)c1c(OC)ccc([C@@H]2OCC3[C@H](c4cc(OC)c(OC)cc4)OCC23)c1
QUIPRONAB,LPNV00087_Rutaceae,O(C)c1c(OC)ccc([C@@H]2OCC3[C@@H](c4cc5OCOc5cc4)OCC23)c1
QUIPRONAB,LPNV00161_Rutaceae,O(C)c1c(OC)ccc(C[C@@H]2[C@H](Cc3cc4OCOc4cc3)C(=O)OC2)c1
QUIPRONAB,LPNV00656_Piperaceae,O(C)c1c(OC)ccc(CCC)c1
QUIPRONAB,LPNV00227_Lauraceae,O(C)c1c(OC)ccc(CC=C)c1
QUIPRONAB,LPNV00163_Rutaceae,O(C)c1c(OC)ccc(CC2C(=O)OCC2Cc2cc(OC)c(OC)cc2)c1
QUIPRONAB,LPNV00412_Euphorbiaceae,O(C)c1c(OC)ccc(C2=C(OC)C(=O)c3c(O)cc(OC)cc3O2)c1
QUIPRONAB,LPNV00230_Lauraceae,O(C)c1c(OC)ccc(/C=C/CO)c1
QUIPRONAB,LPNV00636_N/A,O(C)c1c(OC)ccc(/C=C/C)c1
QUIPRONAB,LPNV00118_Rutaceae,O(C)c1c(OC)cc2c(c3c(nc2)c2c(cc4OCOc4c2)cc3)c1
QUIPRONAB,LPNV00063_Rutaceae,O(C)c1c(OC)cc2c(OC(=O)C=C2)c1
QUIPRONAB,LPNV00175_Rutaceae,O(C)c1c(OC)cc2c(OC(=O)C(C(C=C)(C)C)=C2)c1
QUIPRONAB,LPNV00243_Lauraceae,O(C)c1c(OC)cc2c(-c3c4OCOc4cc4c3[C@@H](N(C)CC4)C2)c1
QUIPRONAB,LPNV00435_Magnoliaceae,O(C)c1c(OC)cc2c(-c3c4OCOc4cc4c3C(NCC4)C2)c1
QUIPRONAB,LPNV00434_Magnoliaceae,O(C)c1c(OC)cc2c(-c3c4OCOc4cc4c3C(N(C)CC4)C2)c1
QUIPRONAB,LPNV00151_Rutaceae,O(C)c1c(OC)cc2N=C3OC=CC3C(OC)c2c1
QUIPRONAB,LPNV00436_Magnoliaceae,O(C)c1c(OC)cc2-c3c4c(cc5OCOc35)ccnc4C(=O)c2c1
QUIPRONAB,LPNV00223_Lauraceae,O(C)c1c(OC)cc([C@H]2OCC3C(c4cc(OC)c(OC)c(OC)c4)OCC23)cc1OC
QUIPRONAB,LPNV00678_N/A,O(C)c1c(OC)cc([C@@H]2c3c([C@H](O)[C@@H]4C2C(=O)OC4)cc2OCOc2c3)cc1OC
QUIPRONAB,LPNV00257_Lauraceae,O(C)c1c(OC)cc([C@@H]2[C@@H](C)[C@@]3(OC)C(=C(O)C(=O)[C@H](CC=C)C3)O2)cc1OC
QUIPRONAB,LPNV00225_Lauraceae,O(C)c1c(OC)cc([C@@H]2OCC3C(c4cc(OC)c5OCOc5c4)OCC23)cc1OC
QUIPRONAB,LPNV00224_Lauraceae,O(C)c1c(OC)cc([C@@H]2OCC3C(c4cc(OC)c(OC)c(OC)c4)OCC23)cc1OC
QUIPRONAB,LPNV00591_Lauraceae,O(C)c1c(OC)cc(O[C@@H]2C(O)C(O)[C@H](O)C(CO)O2)cc1OC
QUIPRONAB,LPNV00218_Lauraceae,O(C)c1c(OC)cc(OC2C(O)C(O)C(O)C(COC3C(O)C(O)C(O)C(C)O3)O2)cc1OC
QUIPRONAB,LPNV00551_Lauraceae,O(C)c1c(OC)cc(CCN(C)C)c2c1c1c(cc3OCOc3c1)cc2
QUIPRONAB,LPNV00713_N/A,O(C)c1c(OC)cc(/C=C/C)c(OC)c1
QUIPRONAB,LPNV00437_Anonnaceae,O(C)c1c(OC)c2c3c(c1OC)C(=O)Nc3cc1c2cc(O)cc1
QUIPRONAB,LPNV00283_Lauraceae,O(C)c1c(OC)c2c3c(c1O)-c1c(cc4OCOc4c1)CC3NCC2
QUIPRONAB,LPNV00556_Lauraceae,O(C)c1c(OC)c2c3c(c1O)-c1c(cc(O)c(OC)c1)CC3NCC2
QUIPRONAB,LPNV00537_Lauraceae,O(C)c1c(OC)c2c3c(C(=O)c4c(-c3c1OC)cccc4)ncc2
QUIPRONAB,LPNV00278_Lauraceae,O(C)c1c(OC)c2c3[C@@H](NCC2)Cc2c(-c3c1O)cc1OCOc1c2
QUIPRONAB,LPNV00280_Lauraceae,O(C)c1c(OC)c2c3[C@@H](/[N+](=C/O)/CC2)Cc2c(-c3c1O)cc1OCOc1c2
QUIPRONAB,LPNV00661_Piperaceae,O(C)c1c(OC)c2OCOc2cc1CCC
QUIPRONAB,LPNV00665_Piperaceae,O(C)c1c(OC)c2OCOc2cc1CC=C
QUIPRONAB,LPNV00553_Lauraceae,O(C)c1c(OC)c2-c3c(cccc3)CC3NCCc(c1O)c23
QUIPRONAB,LPNV00215_Lauraceae,O(C)c1c(OC)c(OC)c(/C=C/Cc2ccccc2)c(O)c1OC
QUIPRONAB,LPNV00021_Rutaceae,O(C)c1c(OC)c(O)c2C(=O)C=C(c3ccc(OC)cc3)Oc2c1OC
QUIPRONAB,LPNV00117_Rutaceae,O(C)c1c(O)ccc2c1cnc1c3c(cc4OCOc4c3)ccc21
QUIPRONAB,LPNV00519_Myristicaceae,O(C)c1c(O)ccc([C@@H]2[C@@H](O)Cc3c(O2)cc(O)cc3)c1
QUIPRONAB,LPNV00253_Lauraceae,O(C)c1c(O)ccc([C@@H]2[C@@H](C)[C@]3(CC=C)C(=O)[C@H]2C(=O)C(OC)=C3)c1
QUIPRONAB,LPNV00484_Myristicaceae,O(C)c1c(O)ccc([C@@H]2[C@@H](C)[C@H](C)[C@H](c3cc(OC)c(O)cc3)O2)c1
QUIPRONAB,LPNV00444_Myristicaceae,O(C)c1c(O)ccc(C[C@H]([C@@H](Cc2cc(OC)c(O)cc2)C)C)c1
QUIPRONAB,LPNV00423_Magnoliaceae,O(C)c1c(O)ccc(C[C@@H]([C@H](Cc2cc3OCOc3cc2)C)C)c1
QUIPRONAB,LPNV00425_Magnoliaceae,O(C)c1c(O)ccc(C[C@@H]([C@H](Cc2cc(OC)c(O)cc2)C)C)c1
QUIPRONAB,LPNV00424_Magnoliaceae,O(C)c1c(O)ccc(C[C@@H]([C@@H](Cc2cc3OCOc3cc2)C)C)c1
QUIPRONAB,LPNV00426_Magnoliaceae,O(C)c1c(O)ccc(C[C@@H]([C@@H](Cc2cc(OC)c(O)cc2)C)C)c1
QUIPRONAB,LPNV00457_Myristicaceae,O(C)c1c(O)ccc(CCCc2c(OC)cc(O)cc2)c1
QUIPRONAB,LPNV00447_Myristicaceae,O(C)c1c(O)ccc(CCCc2c(O)cc(OC)cc2)c1
QUIPRONAB,LPNV00659_Piperaceae,O(C)c1c(O)ccc(CCC)c1
QUIPRONAB,LPNV00635_N/A,O(C)c1c(O)ccc(CC=C)c1
QUIPRONAB,LPNV00033_Rutaceae,O(C)c1c(O)ccc(CC(C(Cc2cc(OC)c(O)cc2)C)C)c1
QUIPRONAB,LPNV00450_Myristicaceae,O(C)c1c(O)ccc(C2[C@@H](CO)c3c(c(OC)cc(CC=C)c3)O2)c1
QUIPRONAB,LPNV00445_Myristicaceae,O(C)c1c(O)ccc(C2Oc3c(ccc(OC)c3)CC2)c1
QUIPRONAB,LPNV00523_Myristicaceae,O(C)c1c(O)ccc(C2CC(=O)c3c(cc(OC)cc3)C2)c1
QUIPRONAB,LPNV00593_Lauraceae,O(C)c1c(O)ccc(C2C(O)Cc3c(OC)cc(OC)cc3O2)c1
QUIPRONAB,LPNV00420_Euphorbiaceae,O(C)c1c(O)ccc(C2=C(OC)C(=O)c3c(O)cc(OC)cc3O2)c1
QUIPRONAB,LPNV00228_Lauraceae,O(C)c1c(O)ccc(/C=C/CO)c1
QUIPRONAB,LPNV00632_N/A,O(C)c1c(O)ccc(/C=C/C)c1
QUIPRONAB,LPNV00201_Lauraceae,O(C)c1c(O)ccc(-c2c(C)c3c(o2)ccc(C(O)C(O)C)c3)c1
QUIPRONAB,LPNV00198_Lauraceae,O(C)c1c(O)ccc(-c2c(C)c3c(o2)ccc(/C=C/C)c3)c1
QUIPRONAB,LPNV00006_Rutaceae,O(C)c1c(O)cc2n(C)c3c(c2c1)cccc3
QUIPRONAB,LPNV00558_Lauraceae,O(C)c1c(O)cc2c3c1-c1c(cc(O)c(OC)c1)CC3N(C)CC2
QUIPRONAB,LPNV00147_Rutaceae,O(C)c1c(O)cc2c(c3c(nc2)c2c(cc4OCOc4c2)cc3)c1
QUIPRONAB,LPNV00194_Lauraceae,O(C)c1c(O)cc2c(c1)C1=C3OCOC3CC3=C1C(NCC3)C2
QUIPRONAB,LPNV00195_Lauraceae,O(C)c1c(O)cc2c(c1)C1=C3OCOC3C(OC)C3=C1C(NCC3)C2
QUIPRONAB,LPNV00560_Lauraceae,O(C)c1c(O)cc2c(c1)C13C(=CC(=O)C(OC)=C1)C(N(C)CC3)C2
QUIPRONAB,LPNV00682_N/A,O(C)c1c(O)cc2c(c(C)c(C)cc2c1)-c1cc2OCOc2cc1
QUIPRONAB,LPNV00134_Rutaceae,O(C)c1c(O)cc2c([C@@H](Cc3cc(O)c(OC)cc3)[N+](C)([CH2-])CC2)c1
QUIPRONAB,LPNV00402_Solanaceae,O(C)c1c(O)cc2c(OC(=O)C=C2)c1
QUIPRONAB,LPNV00023_Rutaceae,O(C)c1c(O)cc2OC(=O)C=Cc2c1
QUIPRONAB,LPNV00476_Myristicaceae,O(C)c1c(O)cc2C(c3cc4OCOc4cc3)C(C)C(C)C(O)c2c1
QUIPRONAB,LPNV00559_Lauraceae,O(C)c1c(O)cc2C(Cc3cc(O)c(OC)cc3)N(C)CCc2c1
QUIPRONAB,LPNV00350_Piperaceae,O(C)c1c(O)cc2C(=O)Nc3c2c1c1c(c3)cccc1
QUIPRONAB,LPNV00119_Rutaceae,O(C)c1c(O)cc2C(=O)NCCc2c1
QUIPRONAB,LPNV00569_Lauraceae,O(C)c1c(O)cc(CCN(CC=C(C)C)C)c2c1c1c(cc(O)c(OC)c1)cc2
QUIPRONAB,LPNV00566_Lauraceae,O(C)c1c(O)cc(CCN(CC#C)C)c2c1c1c(cc(O)c(OC)c1)cc2
QUIPRONAB,LPNV00567_Lauraceae,O(C)c1c(O)cc(CCN(C/C=C/c2ccccc2)C)c2c1c1c(cc(O)c(OC)c1)cc2
QUIPRONAB,LPNV00552_Lauraceae,O(C)c1c(O)cc(CCN(C)C)c2c1c1c(cc3OCOc3c1)cc2
QUIPRONAB,LPNV00545_Lauraceae,O(C)c1c(O)cc(C=2Oc3c(C(=O)C=2)ccc(OC)c3)cc1
QUIPRONAB,LPNV00524_Myristicaceae,O(C)c1c(O)cc(C=2Oc3c(C(=C)C=2)ccc(OC)c3)cc1
QUIPRONAB,LPNV00312_Piperaceae,O(C)c1c(O)cc(C2=C(OC)C(=O)c3c(O)cc(OC)cc3O2)cc1
QUIPRONAB,LPNV00242_Lauraceae,O(C)c1c(O)c2c(-c3c4OCOc4cc4c3[C@@H](N(C)CC4)C2)cc1OC
QUIPRONAB,LPNV00245_Lauraceae,O(C)c1c(O)c2c(-c3c4OCOc4c(OC)c4c3[C@@H](N(C)CC4)C2)cc1OC
QUIPRONAB,LPNV00132_Rutaceae,O(C)c1c(O)c2[C@H](Cc3cc(O)c(OC)cc3)[N+](C)([CH2-])CCc2cc1
QUIPRONAB,LPNV00555_Lauraceae,O(C)c1c(O)c2-c3c(cc4OCOc4c3)CC3NCCc(c23)c1
QUIPRONAB,LPNV00557_Lauraceae,O(C)c1c(O)c2-c3c(cc(O)c(OC)c3)CC3N(C)CCc(c23)c1
QUIPRONAB,LPNV00574_Lauraceae,O(C)c1c(O)c(OC)cc2c1OC(=O)C=C2
QUIPRONAB,LPNV00121_Rutaceae,O(C)c1c(O)c(OC)cc([C@H]2OC[C@@H]3C(c4cc(OC)c(O)c(OC)c4)OC[C@H]23)c1
QUIPRONAB,LPNV00102_Rutaceae,O(C)c1c(O)c(OC)cc([C@@H]2OCC3[C@H](c4cc(OC)c(O)c(OC)c4)OCC23)c1
QUIPRONAB,LPNV00167_Rutaceae,O(C)c1c(O)c(OC)cc(C2OCC3C(c4cc(OC)c(O)c(OC)c4)OCC23)c1
QUIPRONAB,LPNV00592_Lauraceae,O(C)c1c(O)c(OC)cc(C2C(CO)C(CO)C(c3cc(OC)c(O)c(OC)c3)O2)c1
QUIPRONAB,LPNV00248_Lauraceae,O(C)c1c(O)c(CC=C)c2oc(c(C)c2c1)-c1cc2OCOc2cc1
QUIPRONAB,LPNV00246_Lauraceae,O(C)c1c(O)c(CC=C)c2O[C@@H]([C@@H](C)c2c1)c1cc2OCOc2cc1
QUIPRONAB,LPNV00448_Myristicaceae,O(C)c1c(O)c(-c2c(O)c(OC)cc(CC=C)c2)cc(CC=C)c1
QUIPRONAB,LPNV00124_Rutaceae,O(C)c1c(C[C@@H](O)C(O)(C)C)cc2c(OC(=O)C=C2)c1
QUIPRONAB,LPNV00681_N/A,O(C)c1c(CCCc2cc(O)c(OC)cc2)ccc(O)c1
QUIPRONAB,LPNV00319_Piperaceae,O(C)c1c(CCCc2c(O)cc(O)cc2)cc2OCOc2c1
QUIPRONAB,LPNV00669_Clusiaceae,O(C)c1c(C/C=C(\C)/C)c2C(=O)c3c(O)c(C/C=C(\C)/C)c(O)cc3Oc2cc1O
QUIPRONAB,LPNV00667_Clusiaceae,O(C)c1c(C/C=C(\C)/C)c2C(=O)c3c(O)c(C/C=C(\C)/C)c(O)cc3Oc2cc1
QUIPRONAB,LPNV00261_Lauraceae,O(C)c1c(C)cc(C2=C(OC3C(O)C(O)C(O)C(C)O3)C(=O)c3c(O)cc(O)cc3O2)cc1
QUIPRONAB,LPNV00141_Rutaceae,O(C)c1c(C)c2c(-c3c([NH+](C)[CH-]2)c2c(cc4OCOc4c2)cc3)cc1OC
QUIPRONAB,LPNV00140_Rutaceae,O(C)c1c(C)c2c(-c3c([NH+](C)[CH-]2)c2c(cc(O)c(OC)c2)cc3)cc1OC
QUIPRONAB,LPNV00590_Lauraceae,O(C)c1c(C(O)C)c(O)c2C(=O)C=C(OC)C(=O)c2c1
QUIPRONAB,LPNV00249_Lauraceae,O(C)[C@]1(CC=C)C(=O)C=C2OC([C@@H](C)C2=C1)c1cc2OCOc2cc1
QUIPRONAB,LPNV00250_Lauraceae,O(C)[C@@]1(CC=C)C(=O)C=C2O[C@H]([C@@H](C)C2=C1)c1cc2OCOc2cc1
QUIPRONAB,LPNV00031_Rutaceae,O(C)C=1c2c(N(C)C(=O)C=1)cccc2
QUIPRONAB,LPNV00254_Lauraceae,O(C)C=1C(=O)[C@H]2[C@@H]([C@@H](C)[C@](CC=C)(C2=O)C=1)c1cc2OCOc2cc1
QUIPRONAB,LPNV00320_Piperaceae,O(C)C=1C(=O)Oc2c3c(occ3)ccc2C=1
QUIPRONAB,LPNV00004_Rutaceae,O(C)C=1C(=O)Oc2c(C=1CC=C(C)C)cccc2
QUIPRONAB,LPNV00252_Lauraceae,O(C)C=1C(=O)C=C2[C@](CC=C)([C@H](C)[C@@H](c3cc4OCOc4cc3)O2)C=1
QUIPRONAB,LPNV00251_Lauraceae,O(C)C=1C(=O)C=C2[C@@](CC=C)([C@H](C)[C@H](c3cc4OCOc4cc3)O2)C=1
QUIPRONAB,LPNV00695_N/A,O(C)C1C(C(C)C)CCC(C)=C1
QUIPRONAB,LPNV00526_Myristicaceae,O(C)C1=CC2OC(c3cc(O)c(O)cc3)=CC(=O)C2C=C1
QUIPRONAB,LPNV00149_Rutaceae,O(C)C1=C(CC=C(C)C)C(=O)N(C)c2c1cccc2
QUIPRONAB,LPNV00489_Myristicaceae,O(C(C(O)c1cc(OC)c(O)cc1)C)c1c(OC)cc(/C=C/C)cc1
QUIPRONAB,LPNV00356_Leguminosae,NCCCCCCc1c(/C=C/CCC)cccc1
QUIPRONAB,LPNV00310_Piperaceae,Fc1ccc(NC(=O)Nc2ccc(C(=O)/C=C/c3cc([N+](=O)[O-])ccc3)cc2)cc1
QUIPRONAB,LPNV00311_Piperaceae,Clc1c(/C=C/C(=O)c2ccc(NC(=O)Nc3ccc(F)cc3)cc2)cccc1
QUIPRONAB,LPNV00308_Piperaceae,Clc1c(/C=C/C(=O)c2ccc(N)cc2)cccc1
QUIPRONAB,LPNV00370_Valerianaceae,ClC[C@@]1(O)[C@@H](OC(=O)CC(C)C)C=C2C(COC(=O)C)=CO[C@@H](OC(=O)CC(C)C)C12
QUIPRONAB,LPNV00142_Rutaceae,C[NH+]1c2c3c(cc4OCOc4c3)ccc2-c2c(c3OCOc3cc2)[CH-]1
QUIPRONAB,LPNV00478_Myristicaceae,CC1C(c2cc3OCOc3cc2)c2c3OCOc3ccc2CC1C
QUIPRONAB,LPNV00477_Myristicaceae,CC1=C(c2cc3OCOc3cc2)c2c3OCOc3ccc2CC1C
QUIPRONAB,LPNV00601_N/A,CC1(C)OC2(C)CC1CC2
QUIPRONAB,LPNV00273_Lauraceae,CC1(C)C2C=C(C)/C=C\C=C(\C)/CCC12
QUIPRONAB,LPNV00621_N/A,CC1(C)C2C1CC=C(C)C2
QUIPRONAB,LPNV00415_Euphorbiaceae,CC1(C)C2C(C)=CCC1C2
QUIPRONAB,LPNV00612_N/A,C=C1[C@@H]2C(C)(C)[C@@H](C2)CC1
QUIPRONAB,LPNV00416_Euphorbiaceae,C=C1C2C(C)(C)C(C2)CC1
QUIPRONAB,LPNV00328_Piperaceae,C=C1C2C(C(C)(C)C2)CCC2(C)OC2CC1
QUIPRONAB,LPNV00465_Myristicaceae,C=C1C2C(C(C)(C)C2)CCC(C)=CCC1
QUIPRONAB,LPNV00464_Myristicaceae,C=C1C2C(C(C)(C)C2)CC=C(C)CCC1
QUIPRONAB,LPNV00701_Piperaceae,C(c1cc2OCOc2cc1)C1C(Cc2cc3OCOc3cc2)COC1
QUIPRONAB,LPNV00608_N/A,C(\C)(/C)=C\1/CC=C(C)CC/1
QUIPRONAB,LPNV00717_N/A,C(\C)(/C)=C\1/C(=C)C[C@@H](C)CC/1
QUIPRONAB,LPNV00658_Piperaceae,C(Cc1cc2OCOc2cc1)C
QUIPRONAB,LPNV00379_Solanaceae,C(CCCCCCCCCCCCCCCCCC)(CCCCCCCC)C
QUIPRONAB,LPNV00380_Solanaceae,C(CCCCCCCCCCCC(CCC)C)(CCCCCCCCCCC)C
QUIPRONAB,LPNV00381_Solanaceae,C(CCCCCCCCCC(C)C)(CCCCCCCCCCCCCCCCCC)C
QUIPRONAB,LPNV00638_N/A,C(CCCC)CCCC
QUIPRONAB,LPNV00382_Solanaceae,C(CCCC(CCCCCCCCCCC)C)(CCCC(CCCCCCCCCC)C)C
QUIPRONAB,LPNV00419_Euphorbiaceae,C(C=C)(=C)CCC=C(C)C
QUIPRONAB,LPNV00633_N/A,C(C)(C)c1ccc(C)cc1
QUIPRONAB,LPNV00274_Lauraceae,C(C)(C)[C@H]1[C@@]2(C)[C@@H](C(C)CC1)CCC(C)=C2
QUIPRONAB,LPNV00276_Lauraceae,C(C)(C)[C@H]1C2[C@](C)([C@H]3[C@@H]2C(=C)CC3)CC1
QUIPRONAB,LPNV00637_N/A,C(C)(C)C1C=CC(C)=CC1
QUIPRONAB,LPNV00534_Lauraceae,C(C)(C)C1C2C(C)(C3OC2C(=C)CC3)CC1
QUIPRONAB,LPNV00617_N/A,C(C)(C)C1=CCC(C)=CC1
QUIPRONAB,LPNV00619_N/A,C(C)(C)C1=CC=C(C)CC1
QUIPRONAB,LPNV00622_N/A,C(C)(C)C12C(C(=C)CC1)C2
QUIPRONAB,LPNV00417_Euphorbiaceae,C(C)(C)C1/C=C/C(=C)CC/C=C(\C)/CC1
QUIPRONAB,LPNV00197_Lauraceae,C(=C/c1cc2c(C)c(-c3cc4OCOc4cc3)oc2cc1)\C
QUIPRONAB,LPNV00703_Piperaceae,C(=C/CCC(C=C)(C)c1cc2OCOc2cc1)(\CC/C=C(\C)/C)/C
QUIPRONAB,LPNV00605_N/A,C(=C/C/C=C(/CC/C=C(\C)/C)\C)(\C=C)/C
QUIPRONAB,LPNV00226_Lauraceae,C(=C)Cc1cc2OCOc2cc1
QUIPRONAB,LPNV00354_Leguminosae,C(=C)CCCCCCCCCCCCCCCC
QUIPRONAB,LPNV00626_N/A,C(=C)(C)[C@@H]1CC=C(C)CC1
QUIPRONAB,LPNV00625_N/A,C(=C)(C)[C@@H]1CC(=C)C(C)=CC1
QUIPRONAB,LPNV00418_Euphorbiaceae,C(=C)(C)C1C(C=C)(C)CCC(C(=C)C)C1
